{
  "generator-jhipster": {
    "applicationType": "microservice",
    "gitHubOrganization": "sendilkumarn",
    "baseName": "invoiceapp",
    "packageName": "io.github.jhipster.application",
    "serverPort": 8081,
    "serviceDiscoveryType": "eureka",
    "authenticationType": "jwt",
    "uaaBaseName": "../uaa",
    "cacheProvider": "hazelcast",
    "enableHibernateCache": true,
    "websocket": false,
    "databaseType": "sql",
    "devDatabaseType": "h2Disk",
    "prodDatabaseType": "mysql",
    "searchEngine": false,
    "enableSwaggerCodegen": false,
    "messageBroker": false,
    "buildTool": "maven",
    "enableSocialSignIn": false,
    "useSass": false,
    "clientPackageManager": "yarn",
    "testFrameworks": [],
    "enableTranslation": false,
    "nativeLanguage": "en",
    "languages": [
      "en"
    ],
    "clientFramework": "angularX",
    "jhipsterVersion": "4.14.0",
    "packageFolder": "io/github/jhipster/application",
    "jwtSecretKey": "bfa01481a52f9c4b13a2450f1dc82ee4b663abc2",
    "jhiPrefix": "jhi",
    "skipClient": true,
    "skipUserManagement": true
  }
}